"Pclass","SibSp","Parch","Survived","Sex","Age","Fare","Embarked","Price","FamilySize","Child","AgeInterval"
"1",0,0,"0","male",33,5,"S",5,1,"0","3"
"1",0,0,"1","female",30,86.5,"S",28.8333333333333,1,"0","3"
"1",0,0,"1","female",33,86.5,"S",28.8333333333333,1,"0","3"
"1",0,0,"1","female",16,86.5,"S",28.8333333333333,1,"0","2"
"1",0,0,"0","male",47,38.5,"S",38.5,1,"0","4"
"1",0,0,"1","female",22,151.55,"S",37.8875,1,"0","3"
"1",0,0,"1","female",58,26.55,"S",26.55,1,"0","5"
"1",0,0,"1","male",26,30,"C",30,1,"0","3"
"1",0,0,"1","male",35,26.55,"C",26.55,1,"0","3"
"1",0,0,"1","male",40,26.55,"S",26.55,1,"0","4"
"1",0,0,"1","male",45,26.55,"S",26.55,1,"0","4"
"1",0,0,"0","male",39,0,"S",0,1,"0","3"
"1",0,0,"0","male",45,0,"S",0,1,"0","4"
"1",0,0,"1","female",19,30,"S",30,1,"0","3"
"1",0,0,"0","male",28,0,"S",0,1,"0","3"
"1",0,0,"0","male",40,0,"S",0,1,"0","4"
"1",0,0,"1","male",40,31,"C",31,1,"0","4"
"1",0,0,"0","male",31,39.6,"C",39.6,1,"0","3"
"1",0,0,"0","male",19,26.55,"S",26.55,1,"0","3"
"1",0,0,"0","male",45.5,28.5,"S",28.5,1,"0","4"
"1",0,0,"0","male",45,26.55,"S",26.55,1,"0","4"
"1",0,0,"0","male",30,27.75,"C",27.75,1,"0","3"
"1",0,0,"1","male",51,26.55,"S",26.55,1,"0","4"
"1",0,0,"0","male",25,26,"S",26,1,"0","3"
"1",0,0,"0","male",28,47.1,"S",47.1,1,"0","3"
"1",0,0,"0","male",29,30,"S",30,1,"0","3"
"1",0,0,"1","female",38,227.525,"C",56.88125,1,"0","3"
"1",0,0,"1","female",30,56.9292,"C",28.4646,1,"0","3"
"1",0,0,"0","male",46,227.525,"C",56.88125,1,"0","4"
"1",0,0,"1","female",29,211.3375,"S",70.4458333333333,1,"0","3"
"1",0,0,"0","male",48,35,"S",35,1,"0","4"
"1",0,0,"0","male",62,26.55,"S",26.55,1,"0","5"
"1",0,0,"1","female",62,80,"S",40,1,"0","5"
"1",0,0,"1","female",38,80,"S",40,1,"0","3"
"1",0,0,"0","male",22,135.6333,"C",45.2111,1,"0","3"
"1",0,0,"0","male",64,26,"S",26,1,"0","5"
"1",0,0,"0","male",58,29.7,"C",29.7,1,"0","5"
"1",0,0,"1","male",8,29.7,"C",29.7,1,"1","1"
"1",0,0,"0","male",24,50,"S",50,1,"0","3"
"1",0,0,"0","male",31,50.4958,"S",50.4958,1,"0","3"
"1",0,0,"0","male",47,52,"S",26,1,"0","4"
"1",0,0,"0","male",46,79.2,"C",39.6,1,"0","4"
"1",0,0,"0","male",24,79.2,"C",39.6,1,"0","3"
"1",0,0,"0","female",50,28.7125,"C",28.7125,1,"0","4"
"1",0,0,"1","female",30,93.5,"S",46.75,1,"0","3"
"1",0,0,"0","male",36,40.125,"C",40.125,1,"0","3"
"1",0,0,"1","male",56,35.5,"C",35.5,1,"0","5"
"1",0,0,"0","male",45,35.5,"S",35.5,1,"0","4"
"1",0,0,"1","male",52,30.5,"S",30.5,1,"0","4"
"1",0,0,"0","male",55,30.5,"S",30.5,1,"0","5"
"1",0,0,"1","male",28,35.5,"S",35.5,1,"0","3"
"1",0,0,"1","male",80,30,"S",30,1,"0","5"
"1",0,0,"0","male",37,27.7208,"C",27.7208,1,"0","3"
"1",0,0,"0","male",56,26.55,"S",26.55,1,"0","5"
"1",0,0,"1","male",34,26.55,"S",26.55,1,"0","3"
"1",0,0,"0","male",28,42.4,"S",42.4,1,"0","3"
"1",0,0,"0","male",19,31,"S",15.5,1,"0","3"
"1",0,0,"1","female",30,31,"C",15.5,1,"0","3"
"1",0,0,"0","male",60,26.55,"S",26.55,1,"0","5"
"1",0,0,"0","male",32,27.7208,"C",27.7208,1,"0","3"
"1",0,0,"0","male",71,34.6542,"C",34.6542,1,"0","5"
"1",0,0,"1","male",27,30.5,"S",30.5,1,"0","3"
"1",0,0,"1","male",35,512.3292,"C",170.7764,1,"0","3"
"1",0,0,"1","female",24,69.3,"C",34.65,1,"0","3"
"1",0,0,"0","male",62,26.55,"S",26.55,1,"0","5"
"1",0,0,"1","female",24,49.5042,"C",49.5042,1,"0","3"
"1",0,0,"0","male",52,221.7792,"S",221.7792,1,"0","4"
"1",0,0,"1","female",42,227.525,"C",56.88125,1,"0","4"
"1",0,0,"1","female",41,134.5,"C",67.25,1,"0","4"
"1",0,0,"1","male",40,30,"S",30,1,"0","4"
"1",0,0,"1","female",32,110.8833,"C",27.720825,1,"0","3"
"1",0,0,"0","male",47,25.5875,"S",25.5875,1,"0","4"
"1",0,0,"1","female",36,135.6333,"C",45.2111,1,"0","3"
"1",0,0,"1","female",24,83.1583,"C",41.57915,1,"0","3"
"1",0,0,"1","female",35,135.6333,"S",45.2111,1,"0","3"
"1",0,0,"1","female",30,106.425,"C",53.2125,1,"0","3"
"1",0,0,"0","male",54,51.8625,"S",51.8625,1,"0","4"
"1",0,0,"1","female",40,153.4625,"S",51.1541666666667,1,"0","4"
"1",0,0,"1","female",32,76.2917,"C",76.2917,1,"0","3"
"1",0,0,"1","female",48,25.9292,"S",25.9292,1,"0","4"
"1",0,0,"0","male",65,26.55,"S",26.55,1,"0","5"
"1",0,0,"0","male",45,52,"S",26,1,"0","4"
"1",0,0,"1","male",28,26.55,"S",26.55,1,"0","3"
"1",0,0,"0","male",56,30.6958,"C",30.6958,1,"0","5"
"1",0,0,"0","male",61,33.5,"S",33.5,1,"0","5"
"1",0,0,"1","female",26,78.85,"S",39.425,1,"0","3"
"1",0,0,"1","male",36,26.2875,"S",26.2875,1,"0","3"
"1",0,0,"1","male",32,30.5,"C",30.5,1,"0","3"
"1",0,0,"1","female",21,77.9583,"S",25.9861,1,"0","3"
"1",0,0,"1","male",26,35.5,"S",35.5,1,"0","3"
"1",0,0,"0","male",40,27.7208,"C",27.7208,1,"0","4"
"1",0,0,"1","female",24,69.3,"C",34.65,1,"0","3"
"1",0,0,"1","female",49,25.9292,"S",25.9292,1,"0","4"
"1",0,0,"1","female",24,79.2,"C",79.2,1,"0","3"
"1",0,0,"1","male",48,26.55,"S",26.55,1,"0","4"
"1",0,0,"0","male",61,32.3208,"S",32.3208,1,"0","5"
"1",0,0,"0","male",47,34.0208,"S",34.0208,1,"0","4"
"1",0,0,"1","female",44,27.7208,"C",27.7208,1,"0","4"
"1",0,0,"0","male",22,25.925,"S",25.925,1,"0","3"
"1",0,0,"1","female",58,146.5208,"C",73.2604,1,"0","5"
"1",0,0,"1","male",36,26.3875,"S",26.3875,1,"0","3"
"1",0,0,"1","male",35,26.2875,"S",26.2875,1,"0","3"
"1",0,0,"1","male",42,26.2875,"S",26.2875,1,"0","4"
"1",0,0,"1","female",35,512.3292,"C",170.7764,1,"0","3"
"1",0,0,"0","male",38,0,"S",0,1,"0","3"
"1",0,0,"1","male",40,30.5,"S",30.5,1,"0","4"
"1",0,0,"0","male",71,49.5042,"C",49.5042,1,"0","5"
"1",0,0,"1","male",27,76.7292,"C",25.5764,1,"0","3"
"1",0,0,"0","male",56,30.6958,"C",30.6958,1,"0","5"
"1",0,1,"0","male",38,153.4625,"S",51.1541666666667,2,"0","3"
"1",0,1,"0","male",65,61.9792,"C",61.9792,2,"0","5"
"1",0,1,"1","female",58,153.4625,"S",51.1541666666667,2,"0","5"
"1",0,1,"0","male",54,77.2875,"S",38.64375,2,"0","4"
"1",0,1,"1","female",16,57.9792,"C",28.9896,2,"0","2"
"1",0,1,"0","male",21,77.2875,"S",38.64375,2,"0","3"
"1",0,1,"1","female",22,55,"S",27.5,2,"0","3"
"1",0,1,"1","female",20,55,"S",27.5,2,"0","3"
"1",0,1,"1","male",36,512.3292,"C",170.7764,2,"0","3"
"1",0,1,"1","female",44,57.9792,"C",28.9896,2,"0","4"
"1",0,1,"1","female",56,83.1583,"C",41.57915,2,"0","5"
"1",0,1,"1","female",16,39.4,"S",39.4,2,"0","2"
"1",0,1,"1","female",15,211.3375,"S",70.4458333333333,2,"0","2"
"1",0,1,"0","male",51,61.3792,"C",61.3792,2,"0","4"
"1",0,1,"0","male",24,247.5208,"C",123.7604,2,"0","3"
"1",0,1,"1","female",43,211.3375,"S",70.4458333333333,2,"0","4"
"1",0,1,"1","female",50,247.5208,"C",123.7604,2,"0","4"
"1",0,1,"1","male",23,63.3583,"C",63.3583,2,"0","3"
"1",0,1,"0","male",37,29.7,"C",29.7,2,"0","3"
"1",0,2,"1","female",31,164.8667,"S",82.43335,3,"0","3"
"1",0,2,"1","female",36,71,"S",35.5,3,"0","3"
"1",0,2,"1","female",18,79.65,"S",26.55,3,"0","3"
"1",0,2,"1","female",22,49.5,"C",49.5,3,"0","3"
"1",0,2,"0","male",58,113.275,"C",37.7583333333333,3,"0","5"
"1",0,2,"1","male",17,110.8833,"C",27.720825,3,"0","2"
"1",0,2,"0","male",27,211.5,"C",211.5,3,"0","3"
"1",0,2,"1","male",4,81.8583,"S",81.8583,3,"1","1"
"1",0,2,"1","female",19,26.2833,"S",26.2833,3,"0","3"
"1",1,0,"1","male",48,76.7292,"C",25.5764,2,"0","4"
"1",1,0,"1","female",33,51.8625,"S",51.8625,2,"0","3"
"1",1,0,"0","male",28,82.1708,"C",41.0854,2,"0","3"
"1",1,0,"1","female",35,90,"S",45,2,"0","3"
"1",1,0,"1","male",31,57,"S",28.5,2,"0","3"
"1",1,0,"1","female",22,66.6,"S",33.3,2,"0","3"
"1",1,0,"1","male",49,89.1042,"C",44.5521,2,"0","4"
"1",1,0,"1","female",63,77.9583,"S",25.9861,2,"0","5"
"1",1,0,"1","female",33,90,"Q",45,2,"0","3"
"1",1,0,"1","female",31,113.275,"C",37.7583333333333,2,"0","3"
"1",1,0,"1","female",23,113.275,"C",37.7583333333333,2,"0","3"
"1",1,0,"0","male",29,66.6,"S",33.3,2,"0","3"
"1",1,0,"1","male",27,53.1,"S",26.55,2,"0","3"
"1",1,0,"1","female",54,59.4,"C",59.4,2,"0","4"
"1",1,0,"0","male",50,106.425,"C",53.2125,2,"0","4"
"1",1,0,"0","male",37,53.1,"S",26.55,2,"0","3"
"1",1,0,"0","male",42,52,"S",26,2,"0","4"
"1",1,0,"1","male",49,56.9292,"C",28.4646,2,"0","4"
"1",1,0,"1","female",54,78.2667,"C",39.13335,2,"0","4"
"1",1,0,"1","female",35,52,"S",26,2,"0","3"
"1",1,0,"1","female",35,83.475,"S",41.7375,2,"0","3"
"1",1,0,"0","male",45,83.475,"S",41.7375,2,"0","4"
"1",1,0,"1","female",22,133.65,"S",66.825,2,"0","3"
"1",1,0,"1","female",35,53.1,"S",26.55,2,"0","3"
"1",1,0,"1","female",9,89.1042,"C",44.5521,2,"0","1"
"1",1,0,"0","male",46,61.175,"S",61.175,2,"0","4"
"1",1,0,"1","female",33,53.1,"S",26.55,2,"0","3"
"1",1,0,"0","male",19,53.1,"S",53.1,2,"0","3"
"1",1,0,"1","female",18,227.525,"C",56.88125,2,"0","3"
"1",1,0,"0","male",50,55.9,"S",27.95,2,"0","4"
"1",1,0,"1","male",25,91.0792,"C",45.5396,2,"0","3"
"1",1,0,"1","female",17,108.9,"C",54.45,2,"0","2"
"1",1,0,"1","female",17,57,"S",28.5,2,"0","2"
"1",1,0,"1","male",42,52.5542,"S",52.5542,2,"0","4"
"1",1,0,"1","female",48,39.6,"C",39.6,2,"0","4"
"1",1,0,"1","female",51,77.9583,"S",25.9861,2,"0","4"
"1",1,0,"0","male",31,52,"S",52,2,"0","3"
"1",1,0,"1","male",25,55.4417,"C",55.4417,2,"0","3"
"1",1,0,"1","male",38,90,"S",45,2,"0","3"
"1",1,0,"1","female",39,55.9,"S",27.95,2,"0","3"
"1",1,0,"1","female",58,82.1708,"C",41.0854,2,"0","5"
"1",1,0,"1","female",63,52,"S",26,2,"0","5"
"1",1,0,"1","female",60,75.25,"C",75.25,2,"0","5"
"1",1,0,"0","male",36,78.85,"S",39.425,2,"0","3"
"1",1,0,"1","female",38,71.2833,"C",71.2833,2,"0","3"
"1",1,0,"1","female",19,146.5208,"C",73.2604,2,"0","3"
"1",1,0,"1","female",49,76.7292,"C",25.5764,2,"0","4"
"1",1,0,"1","female",19,91.0792,"C",45.5396,2,"0","3"
"1",1,0,"1","female",52,78.2667,"C",39.13335,2,"0","4"
"1",1,0,"1","male",48,52,"S",26,2,"0","4"
"1",1,0,"0","male",18,108.9,"C",54.45,2,"0","3"
"1",1,1,"1","male",37,52.5542,"S",26.2771,3,"0","3"
"1",1,1,"1","female",39,79.65,"S",26.55,3,"0","3"
"1",1,1,"0","male",70,71,"S",35.5,3,"0","5"
"1",1,1,"0","male",52,79.65,"S",26.55,3,"0","4"
"1",1,1,"1","female",45,164.8667,"S",82.43335,3,"0","4"
"1",1,1,"0","male",49,110.8833,"C",27.720825,3,"0","4"
"1",1,1,"1","female",40,134.5,"C",67.25,3,"0","4"
"1",1,1,"1","female",39,110.8833,"C",27.720825,3,"0","3"
"1",1,1,"1","male",60,79.2,"C",79.2,3,"0","5"
"1",1,1,"1","female",39,83.1583,"C",83.1583,3,"0","3"
"1",1,1,"1","female",52,93.5,"S",46.75,3,"0","4"
"1",1,1,"1","female",47,52.5542,"S",26.2771,3,"0","4"
"1",1,2,"1","female",36,120,"S",30,4,"0","3"
"1",1,2,"1","female",14,120,"S",30,4,"0","2"
"1",1,2,"1","male",11,120,"S",30,4,"0","1"
"1",1,2,"1","male",0.92,151.55,"S",37.8875,4,"1","1"
"1",1,2,"0","female",25,151.55,"S",37.8875,4,"0","3"
"1",1,2,"0","female",2,151.55,"S",37.8875,4,"1","1"
"1",1,2,"1","male",36,120,"S",30,4,"0","3"
"1",1,4,"0","male",64,263,"S",65.75,6,"0","5"
"1",2,0,"1","male",50,133.65,"S",66.825,3,"0","4"
"1",2,0,"1","female",53,51.4792,"S",51.4792,3,"0","4"
"1",2,0,"0","male",44,90,"Q",45,3,"0","4"
"1",2,2,"1","female",18,262.375,"C",131.1875,5,"0","3"
"1",2,2,"1","female",21,262.375,"C",131.1875,5,"0","3"
"1",3,2,"0","male",19,263,"S",65.75,6,"0","3"
"1",3,2,"1","female",24,263,"S",65.75,6,"0","3"
"1",3,2,"1","female",23,263,"S",65.75,6,"0","3"
"2",0,0,"0","male",36,12.875,"C",12.875,1,"0","3"
"2",0,0,"1","female",50,10.5,"S",10.5,1,"0","4"
"2",0,0,"0","male",18,13,"S",13,1,"0","3"
"2",0,0,"0","male",34,13,"S",13,1,"0","3"
"2",0,0,"0","male",33,12.275,"S",12.275,1,"0","3"
"2",0,0,"0","male",52,13,"S",6.5,1,"0","4"
"2",0,0,"0","male",18,73.5,"S",14.7,1,"0","3"
"2",0,0,"1","female",40,15.75,"S",15.75,1,"0","4"
"2",0,0,"1","female",40,13,"S",13,1,"0","4"
"2",0,0,"1","male",31,13.8625,"C",13.8625,1,"0","3"
"2",0,0,"1","female",30,13,"S",13,1,"0","3"
"2",0,0,"1","female",28,13,"S",13,1,"0","3"
"2",0,0,"0","male",29,10.5,"S",10.5,1,"0","3"
"2",0,0,"0","male",27,26,"S",26,1,"0","3"
"2",0,0,"0","male",27,13,"S",13,1,"0","3"
"2",0,0,"1","female",55,16,"S",16,1,"0","5"
"2",0,0,"0","male",39,13,"S",13,1,"0","3"
"2",0,0,"0","male",30,10.5,"S",10.5,1,"0","3"
"2",0,0,"1","female",42,13,"S",13,1,"0","4"
"2",0,0,"0","male",27,13,"S",13,1,"0","3"
"2",0,0,"0","male",30,13,"S",13,1,"0","3"
"2",0,0,"0","male",42,13,"S",13,1,"0","4"
"2",0,0,"1","female",30,33,"S",11,1,"0","3"
"2",0,0,"0","male",25,13,"S",13,1,"0","3"
"2",0,0,"0","male",30,13,"S",13,1,"0","3"
"2",0,0,"1","male",42,13,"S",13,1,"0","4"
"2",0,0,"0","male",47,15,"S",15,1,"0","4"
"2",0,0,"0","male",34,13,"S",6.5,1,"0","3"
"2",0,0,"1","female",30,12.35,"Q",12.35,1,"0","3"
"2",0,0,"0","male",23,0,"S",0,1,"0","3"
"2",0,0,"0","male",70,10.5,"S",10.5,1,"0","5"
"2",0,0,"0","male",28,13.5,"S",13.5,1,"0","3"
"2",0,0,"0","male",16,26,"S",13,1,"0","2"
"2",0,0,"1","female",36,13,"S",13,1,"0","3"
"2",0,0,"0","male",52,13.5,"S",13.5,1,"0","4"
"2",0,0,"0","male",35,0,"S",0,1,"0","3"
"2",0,0,"0","male",30,13,"S",13,1,"0","3"
"2",0,0,"1","male",34,13,"S",13,1,"0","3"
"2",0,0,"1","female",35,21,"S",21,1,"0","3"
"2",0,0,"0","male",22,0,"S",0,1,"0","3"
"2",0,0,"1","female",34,13,"S",13,1,"0","3"
"2",0,0,"0","male",57,12.35,"Q",12.35,1,"0","5"
"2",0,0,"0","male",23,0,"S",0,1,"0","3"
"2",0,0,"1","female",50,10.5,"S",10.5,1,"0","4"
"2",0,0,"1","male",19,10.5,"S",10.5,1,"0","3"
"2",0,0,"1","female",28,13,"S",13,1,"0","3"
"2",0,0,"0","male",19,10.5,"S",10.5,1,"0","3"
"2",0,0,"1","female",21,10.5,"S",10.5,1,"0","3"
"2",0,0,"1","male",19,13,"S",13,1,"0","3"
"2",0,0,"0","male",26,10.5,"S",10.5,1,"0","3"
"2",0,0,"1","female",23,13.7917,"C",13.7917,1,"0","3"
"2",0,0,"0","male",32,10.5,"S",10.5,1,"0","3"
"2",0,0,"0","male",48,13,"S",13,1,"0","4"
"2",0,0,"0","male",66,10.5,"S",10.5,1,"0","5"
"2",0,0,"0","male",21,73.5,"S",14.7,1,"0","3"
"2",0,0,"0","male",25,13,"S",13,1,"0","3"
"2",0,0,"0","male",23,13,"S",13,1,"0","3"
"2",0,0,"0","male",23,10.5,"S",10.5,1,"0","3"
"2",0,0,"0","male",59,13.5,"S",13.5,1,"0","5"
"2",0,0,"0","male",23,13,"S",13,1,"0","3"
"2",0,0,"1","female",45,13.5,"S",13.5,1,"0","4"
"2",0,0,"0","male",18,11.5,"S",11.5,1,"0","3"
"2",0,0,"0","male",23,13,"S",13,1,"0","3"
"2",0,0,"0","male",28,10.5,"S",10.5,1,"0","3"
"2",0,0,"0","male",36,13,"S",13,1,"0","3"
"2",0,0,"0","male",24,13,"S",13,1,"0","3"
"2",0,0,"0","male",54,26,"S",13,1,"0","4"
"2",0,0,"0","male",23,0,"S",0,1,"0","3"
"2",0,0,"0","male",34,15.05,"C",15.05,1,"0","3"
"2",0,0,"1","male",31,13,"S",13,1,"0","3"
"2",0,0,"0","male",23,15.0458,"C",15.0458,1,"0","3"
"2",0,0,"0","male",54,0,"S",0,1,"0","4"
"2",0,0,"1","female",24,13,"S",13,1,"0","3"
"2",0,0,"0","male",24,10.5,"S",10.5,1,"0","3"
"2",0,0,"1","female",19,26,"S",13,1,"0","3"
"2",0,0,"0","male",39,26,"S",13,1,"0","3"
"2",0,0,"0","male",36,10.5,"S",10.5,1,"0","3"
"2",0,0,"0","male",31,10.5,"S",10.5,1,"0","3"
"2",0,0,"1","female",27,10.5,"S",10.5,1,"0","3"
"2",0,0,"0","female",57,10.5,"S",5.25,1,"0","5"
"2",0,0,"1","female",32,13,"S",13,1,"0","3"
"2",0,0,"0","male",50,13,"S",13,1,"0","4"
"2",0,0,"1","female",34,10.5,"S",10.5,1,"0","3"
"2",0,0,"0","male",18,11.5,"S",11.5,1,"0","3"
"2",0,0,"1","female",36,13,"S",13,1,"0","3"
"2",0,0,"1","female",17,10.5,"S",10.5,1,"0","2"
"2",0,0,"0","male",25,13,"S",13,1,"0","3"
"2",0,0,"1","male",62,10.5,"S",10.5,1,"0","5"
"2",0,0,"0","female",38,13,"S",13,1,"0","3"
"2",0,0,"1","female",32.5,13,"S",13,1,"0","3"
"2",0,0,"0","male",39,13,"S",13,1,"0","3"
"2",0,0,"0","male",16,10.5,"S",5.25,1,"0","2"
"2",0,0,"0","male",19,13,"S",13,1,"0","3"
"2",0,0,"0","male",28,13,"S",13,1,"0","3"
"2",0,0,"1","female",44,12.35,"Q",12.35,1,"0","4"
"2",0,0,"0","male",46,26,"S",13,1,"0","4"
"2",0,0,"0","male",54,14,"S",14,1,"0","4"
"2",0,0,"0","male",51,12.525,"S",12.525,1,"0","4"
"2",0,0,"1","female",29,10.5,"S",10.5,1,"0","3"
"2",0,0,"0","male",35,10.5,"S",10.5,1,"0","3"
"2",0,0,"0","female",24,13,"S",13,1,"0","3"
"2",0,0,"1","female",17,12,"C",12,1,"0","2"
"2",0,0,"1","female",28,12.65,"S",12.65,1,"0","3"
"2",0,0,"0","male",35,26,"S",13,1,"0","3"
"2",0,1,"1","female",13,19.5,"S",9.75,2,"0","2"
"2",0,1,"1","female",18,23,"S",11.5,2,"0","3"
"2",0,1,"1","female",25,26,"S",13,2,"0","3"
"2",0,1,"1","female",6,33,"S",11,2,"1","1"
"2",0,1,"1","female",41,19.5,"S",9.75,2,"0","4"
"2",0,1,"1","female",34,23,"S",11.5,2,"0","3"
"2",0,1,"0","male",28,33,"S",11,2,"0","3"
"2",0,1,"1","female",50,26,"S",13,2,"0","4"
"2",0,2,"1","female",7,26.25,"S",8.75,3,"1","1"
"2",0,2,"0","male",36.5,26,"S",8.66666666666667,3,"0","3"
"2",0,2,"1","female",33,26,"S",13,3,"0","3"
"2",0,2,"1","female",18,13,"S",13,3,"0","3"
"2",0,2,"1","male",1,37.0042,"C",18.5021,3,"1","1"
"2",0,2,"1","female",8,26.25,"S",8.75,3,"1","1"
"2",0,2,"1","female",24,14.5,"S",7.25,3,"0","3"
"2",0,2,"1","male",0.83,29,"S",14.5,3,"1","1"
"2",1,0,"0","male",42,27,"S",13.5,2,"0","4"
"2",1,0,"1","female",27,13.8583,"C",13.8583,2,"0","3"
"2",1,0,"0","male",25,26,"S",26,2,"0","3"
"2",1,0,"0","male",29,27.7208,"C",27.7208,2,"0","3"
"2",1,0,"0","male",34,26,"S",13,2,"0","3"
"2",1,0,"0","male",32.5,30.0708,"C",15.0354,2,"0","3"
"2",1,0,"0","male",54,26,"S",13,2,"0","4"
"2",1,0,"1","female",29,26,"S",26,2,"0","3"
"2",1,0,"1","female",28,26,"S",26,2,"0","3"
"2",1,0,"1","female",29,26,"S",26,2,"0","3"
"2",1,0,"0","male",34,21,"S",10.5,2,"0","3"
"2",1,0,"0","female",27,21,"S",10.5,2,"0","3"
"2",1,0,"1","female",28,24,"C",12,2,"0","3"
"2",1,0,"0","male",29,21,"S",10.5,2,"0","3"
"2",1,0,"1","female",19,26,"S",13,2,"0","3"
"2",1,0,"0","male",44,26,"S",26,2,"0","4"
"2",1,0,"0","male",34,21,"S",21,2,"0","3"
"2",1,0,"1","female",14,30.0708,"C",15.0354,2,"0","2"
"2",1,0,"1","female",42,26,"S",26,2,"0","4"
"2",1,0,"0","male",21,11.5,"S",11.5,2,"0","3"
"2",1,0,"1","female",24,26,"S",13,2,"0","3"
"2",1,0,"1","female",36,26,"S",26,2,"0","3"
"2",1,0,"0","male",37,26,"S",26,2,"0","3"
"2",1,0,"0","female",44,26,"S",13,2,"0","4"
"2",1,0,"0","male",30,24,"C",12,2,"0","3"
"2",1,0,"1","male",32,26,"S",13,2,"0","3"
"2",1,1,"1","male",2,26,"S",8.66666666666667,3,"1","1"
"2",1,1,"0","male",19,36.75,"S",18.375,3,"0","3"
"2",1,1,"1","female",45,26.25,"S",8.75,3,"0","4"
"2",1,1,"1","male",3,26,"S",8.66666666666667,3,"1","1"
"2",1,1,"1","male",0.83,18.75,"S",6.25,3,"1","1"
"2",1,1,"0","male",43,26.25,"S",8.75,3,"0","4"
"2",1,1,"1","female",34,32.5,"S",32.5,3,"0","3"
"2",1,1,"1","female",40,39,"S",19.5,3,"0","4"
"2",1,1,"1","male",8,36.75,"S",18.375,3,"1","1"
"2",1,1,"1","male",3,18.75,"S",6.25,3,"1","1"
"2",1,1,"1","female",25,30,"S",30,3,"0","3"
"2",1,1,"0","male",31,37.0042,"C",18.5021,3,"0","3"
"2",1,1,"1","female",31,26.25,"S",8.75,3,"0","3"
"2",1,1,"0","male",31,26.25,"S",8.75,3,"0","3"
"2",1,1,"0","male",60,39,"S",19.5,3,"0","5"
"2",1,1,"1","female",22,29,"S",14.5,3,"0","3"
"2",1,1,"0","female",26,26,"S",26,3,"0","3"
"2",1,1,"1","male",0.67,14.5,"S",7.25,3,"1","1"
"2",1,1,"1","female",2,26,"S",13,3,"1","1"
"2",1,1,"1","female",4,23,"S",23,3,"1","1"
"2",1,2,"1","female",24,65,"S",32.5,4,"0","3"
"2",1,2,"1","female",3,41.5792,"C",13.8597333333333,4,"1","1"
"2",1,2,"0","male",36,27.75,"S",9.25,4,"0","3"
"2",1,2,"1","female",22,41.5792,"C",13.8597333333333,4,"0","3"
"2",1,2,"1","female",48,65,"S",32.5,4,"0","4"
"2",1,2,"0","male",25,41.5792,"C",13.8597333333333,4,"0","3"
"2",1,2,"1","female",33,27.75,"S",9.25,4,"0","3"
"2",1,2,"1","female",5,27.75,"S",9.25,4,"1","1"
"2",1,3,"1","female",54,23,"S",23,5,"0","4"
"2",2,0,"0","male",32,73.5,"S",14.7,3,"0","3"
"2",2,0,"0","male",24,73.5,"S",14.7,3,"0","3"
"2",2,0,"0","male",21,73.5,"S",14.7,3,"0","3"
"2",2,1,"1","female",24,27,"S",13.5,4,"0","3"
"2",2,1,"1","male",1,39,"S",19.5,4,"1","1"
"2",2,1,"0","male",23,11.5,"S",11.5,4,"0","3"
"2",2,1,"1","female",4,39,"S",19.5,4,"1","1"
"2",2,3,"1","female",24,18.75,"S",6.25,6,"0","3"
"2",3,0,"1","female",30,21,"S",10.5,4,"0","3"
"3",0,0,"0","male",31,7.75,"Q",7.75,1,"0","3"
"3",0,0,"0","male",21,7.7333,"Q",7.7333,1,"0","3"
"3",0,0,"0","male",33,7.75,"Q",7.75,1,"0","3"
"3",0,0,"0","male",24,9.5,"S",9.5,1,"0","3"
"3",0,0,"0","male",28,9.5,"S",9.5,1,"0","3"
"3",0,0,"1","female",31,7.2292,"C",7.2292,1,"0","3"
"3",0,0,"0","male",51,8.05,"S",8.05,1,"0","4"
"3",0,0,"0","female",17,14.4583,"C",7.22915,1,"0","2"
"3",0,0,"1","male",27,8.6625,"S",8.6625,1,"0","3"
"3",0,0,"1","male",24,7.1417,"S",7.1417,1,"0","3"
"3",0,0,"0","male",36,7.8958,"S",7.8958,1,"0","3"
"3",0,0,"1","male",32,56.4958,"S",8.07082857142857,1,"0","3"
"3",0,0,"0","male",30,7.8958,"S",7.8958,1,"0","3"
"3",0,0,"1","female",19,7.8792,"Q",7.8792,1,"0","3"
"3",0,0,"0","male",28,7.8958,"S",7.8958,1,"0","3"
"3",0,0,"0","male",21,8.6625,"S",8.6625,1,"0","3"
"3",0,0,"0","male",34,6.4958,"S",6.4958,1,"0","3"
"3",0,0,"0","male",18,7.2292,"C",7.2292,1,"0","3"
"3",0,0,"1","female",45,7.75,"Q",7.75,1,"0","4"
"3",0,0,"0","male",30,7.2292,"C",7.2292,1,"0","3"
"3",0,0,"0","male",26,7.8958,"S",7.8958,1,"0","3"
"3",0,0,"1","female",16,7.8792,"Q",7.8792,1,"0","2"
"3",0,0,"1","female",18,7.4958,"S",7.4958,1,"0","3"
"3",0,0,"0","male",26,7.8875,"S",7.8875,1,"0","3"
"3",0,0,"0","male",45.5,7.225,"C",7.225,1,"0","4"
"3",0,0,"0","male",18,8.3,"S",8.3,1,"0","3"
"3",0,0,"1","male",39,56.4958,"S",8.07082857142857,1,"0","3"
"3",0,0,"0","female",20,8.6625,"S",8.6625,1,"0","3"
"3",0,0,"1","female",26,7.8542,"S",7.8542,1,"0","3"
"3",0,0,"1","male",30,7.2292,"C",7.2292,1,"0","3"
"3",0,0,"0","male",45,7.8958,"S",7.8958,1,"0","4"
"3",0,0,"0","male",51,7.0542,"S",7.0542,1,"0","4"
"3",0,0,"0","female",28,7.8958,"S",7.8958,1,"0","3"
"3",0,0,"1","female",21,7.8792,"Q",7.8792,1,"0","3"
"3",0,0,"0","male",51,7.2292,"C",7.2292,1,"0","4"
"3",0,0,"0","male",31,7.225,"C",7.225,1,"0","3"
"3",0,0,"0","female",21,7.6292,"Q",7.6292,1,"0","3"
"3",0,0,"0","male",25,7.75,"Q",7.75,1,"0","3"
"3",0,0,"1","male",22,7.225,"C",7.225,1,"0","3"
"3",0,0,"0","female",30.5,7.75,"Q",7.75,1,"0","3"
"3",0,0,"1","male",31,7.775,"S",7.775,1,"0","3"
"3",0,0,"0","male",24.5,8.05,"S",8.05,1,"0","3"
"3",0,0,"0","male",21,7.775,"S",7.775,1,"0","3"
"3",0,0,"0","male",25,7.8292,"Q",7.8292,1,"0","3"
"3",0,0,"1","female",19,7.7375,"Q",7.7375,1,"0","3"
"3",0,0,"0","male",28,56.4958,"S",8.07082857142857,1,"0","3"
"3",0,0,"1","male",26,56.4958,"S",8.07082857142857,1,"0","3"
"3",0,0,"0","female",30,8.6625,"S",8.6625,1,"0","3"
"3",0,0,"0","male",17,8.6625,"S",8.6625,1,"0","2"
"3",0,0,"0","male",65,7.75,"Q",7.75,1,"0","5"
"3",0,0,"0","male",11,7.225,"C",7.225,1,"0","1"
"3",0,0,"0","male",22,7.2292,"C",7.2292,1,"0","3"
"3",0,0,"0","male",40,7.225,"C",7.225,1,"0","4"
"3",0,0,"0","male",20,8.6625,"S",8.6625,1,"0","3"
"3",0,0,"0","male",44,7.225,"C",7.225,1,"0","4"
"3",0,0,"0","male",28,7.7958,"S",7.7958,1,"0","3"
"3",0,0,"1","male",27,7.7958,"S",7.7958,1,"0","3"
"3",0,0,"0","male",20,9.225,"S",9.225,1,"0","3"
"3",0,0,"0","male",55.5,14.4583,"C",7.22915,1,"0","5"
"3",0,0,"0","male",21,8.05,"S",8.05,1,"0","3"
"3",0,0,"0","male",16,9.5,"S",9.5,1,"0","2"
"3",0,0,"1","male",29,9.5,"S",9.5,1,"0","3"
"3",0,0,"0","male",42,8.6625,"S",8.6625,1,"0","4"
"3",0,0,"1","female",45.5,7.8292,"Q",7.8292,1,"0","4"
"3",0,0,"0","female",14,7.8542,"S",7.8542,1,"0","2"
"3",0,0,"0","male",54,7.2292,"C",7.2292,1,"0","4"
"3",0,0,"0","male",34,7.225,"C",7.225,1,"0","3"
"3",0,0,"0","male",23,7.8542,"S",7.8542,1,"0","3"
"3",0,0,"1","female",24,7.225,"C",7.225,1,"0","3"
"3",0,0,"0","male",32,7.8958,"S",7.8958,1,"0","3"
"3",0,0,"0","male",28,7.8958,"S",7.8958,1,"0","3"
"3",0,0,"1","female",31,8.6833,"S",8.6833,1,"0","3"
"3",0,0,"1","male",26,18.7875,"C",9.39375,1,"0","3"
"3",0,0,"0","male",32,7.2292,"C",7.2292,1,"0","3"
"3",0,0,"0","male",26,7.8958,"S",7.8958,1,"0","3"
"3",0,0,"1","female",13,7.2292,"C",7.2292,1,"0","2"
"3",0,0,"0","male",33,8.6542,"S",8.6542,1,"0","3"
"3",0,0,"0","male",40,7.8958,"S",7.8958,1,"0","4"
"3",0,0,"0","female",31,7.8542,"S",7.8542,1,"0","3"
"3",0,0,"0","male",22,8.05,"S",8.05,1,"0","3"
"3",0,0,"0","male",18,7.25,"S",7.25,1,"0","3"
"3",0,0,"0","male",34,8.05,"S",8.05,1,"0","3"
"3",0,0,"0","female",28,8.05,"S",8.05,1,"0","3"
"3",0,0,"1","female",21,7.65,"S",7.65,1,"0","3"
"3",0,0,"0","male",24,8.05,"S",8.05,1,"0","3"
"3",0,0,"0","male",42,56.4958,"S",8.07082857142857,1,"0","4"
"3",0,0,"0","male",29,7.875,"S",7.875,1,"0","3"
"3",0,0,"1","female",15,7.225,"C",7.225,1,"0","2"
"3",0,0,"0","male",18,7.775,"S",7.775,1,"0","3"
"3",0,0,"0","male",38,7.8958,"S",7.8958,1,"0","3"
"3",0,0,"0","male",22,7.2292,"C",7.2292,1,"0","3"
"3",0,0,"0","male",17,8.6625,"S",8.6625,1,"0","2"
"3",0,0,"1","male",19,8.05,"S",8.05,1,"0","3"
"3",0,0,"0","male",21,7.7333,"Q",7.7333,1,"0","3"
"3",0,0,"0","male",20,8.05,"S",8.05,1,"0","3"
"3",0,0,"0","male",55,7.8958,"S",7.8958,1,"0","5"
"3",0,0,"1","female",22,7.775,"S",7.775,1,"0","3"
"3",0,0,"0","female",18,7.775,"S",7.775,1,"0","3"
"3",0,0,"0","male",16,7.8958,"S",7.8958,1,"0","2"
"3",0,0,"0","male",17,7.25,"S",7.25,1,"0","2"
"3",0,0,"0","male",22,9.35,"S",9.35,1,"0","3"
"3",0,0,"0","male",19,8.05,"S",8.05,1,"0","3"
"3",0,0,"1","female",18,9.8417,"S",9.8417,1,"0","3"
"3",0,0,"0","male",43,6.45,"S",6.45,1,"0","4"
"3",0,0,"1","male",27,6.975,"S",6.975,1,"0","3"
"3",0,0,"1","female",22,7.25,"S",7.25,1,"0","3"
"3",0,0,"1","male",32,7.8542,"S",7.8542,1,"0","3"
"3",0,0,"0","male",20,4.0125,"C",4.0125,1,"0","3"
"3",0,0,"0","male",22,7.7292,"Q",7.7292,1,"0","3"
"3",0,0,"0","male",9,6.95,"Q",6.95,1,"0","1"
"3",0,0,"0","male",25,7.7417,"Q",7.7417,1,"0","3"
"3",0,0,"0","male",31,7.7375,"Q",7.7375,1,"0","3"
"3",0,0,"0","male",22,7.125,"S",7.125,1,"0","3"
"3",0,0,"0","male",24,7.75,"Q",7.75,1,"0","3"
"3",0,0,"0","male",17,7.75,"Q",7.75,1,"0","2"
"3",0,0,"1","male",70,7.75,"Q",7.75,1,"0","5"
"3",0,0,"0","female",25,7.775,"S",7.775,1,"0","3"
"3",0,0,"0","female",45,7.75,"S",7.75,1,"0","4"
"3",0,0,"0","male",26,8.7125,"C",8.7125,1,"0","3"
"3",0,0,"1","male",20,7.2292,"C",7.2292,1,"0","3"
"3",0,0,"1","female",32,7.75,"Q",7.75,1,"0","3"
"3",0,0,"1","female",42,7.75,"Q",7.75,1,"0","4"
"3",0,0,"0","male",21,7.8,"S",7.8,1,"0","3"
"3",0,0,"0","male",21,7.8958,"S",7.8958,1,"0","3"
"3",0,0,"1","male",32,56.4958,"S",8.07082857142857,1,"0","3"
"3",0,0,"0","male",29,8.05,"S",8.05,1,"0","3"
"3",0,0,"0","male",31,8.6625,"S",8.6625,1,"0","3"
"3",0,0,"0","male",35,7.8958,"C",7.8958,1,"0","3"
"3",0,0,"0","male",25,7.8958,"S",7.8958,1,"0","3"
"3",0,0,"0","male",31,7.8958,"S",7.8958,1,"0","3"
"3",0,0,"0","male",48,7.8958,"S",7.8958,1,"0","4"
"3",0,0,"0","male",38,8.6625,"S",8.6625,1,"0","3"
"3",0,0,"0","male",23,7.8958,"S",7.8958,1,"0","3"
"3",0,0,"0","male",17,8.6625,"S",8.6625,1,"0","2"
"3",0,0,"0","male",18,7.8958,"S",7.8958,1,"0","3"
"3",0,0,"0","male",28,9.5,"S",9.5,1,"0","3"
"3",0,0,"0","male",30,7.8958,"S",7.8958,1,"0","3"
"3",0,0,"0","male",25,7.05,"S",7.05,1,"0","3"
"3",0,0,"1","male",32,8.05,"S",8.05,1,"0","3"
"3",0,0,"0","male",32,7.75,"Q",7.75,1,"0","3"
"3",0,0,"0","male",19,10.1708,"S",10.1708,1,"0","3"
"3",0,0,"0","male",20,7.8542,"S",7.8542,1,"0","3"
"3",0,0,"0","male",22,8.05,"S",8.05,1,"0","3"
"3",0,0,"0","male",20,8.4583,"Q",8.4583,1,"0","3"
"3",0,0,"0","female",24,8.85,"S",8.85,1,"0","3"
"3",0,0,"0","male",15,8.05,"S",8.05,1,"0","2"
"3",0,0,"1","female",15,8.0292,"Q",8.0292,1,"0","2"
"3",0,0,"1","female",24,7.8792,"Q",7.8792,1,"0","3"
"3",0,0,"1","female",17,7.7875,"Q",7.7875,1,"0","2"
"3",0,0,"0","female",41,8.1375,"Q",8.1375,1,"0","4"
"3",0,0,"0","male",35,7.125,"S",7.125,1,"0","3"
"3",0,0,"0","male",17,7.125,"S",7.125,1,"0","2"
"3",0,0,"0","male",11,18.7875,"C",9.39375,1,"0","1"
"3",0,0,"0","male",21,7.925,"S",7.925,1,"0","3"
"3",0,0,"0","male",36,7.3125,"S",7.3125,1,"0","3"
"3",0,0,"0","male",19,0,"S",0,1,"0","3"
"3",0,0,"1","male",31,7.925,"S",7.925,1,"0","3"
"3",0,0,"1","male",25,0,"S",0,1,"0","3"
"3",0,0,"0","male",26,8.05,"S",8.05,1,"0","3"
"3",0,0,"0","male",22,7.8958,"S",7.8958,1,"0","3"
"3",0,0,"0","male",26,8.05,"S",8.05,1,"0","3"
"3",0,0,"0","male",31,7.225,"C",7.225,1,"0","3"
"3",0,0,"0","male",22,7.8958,"S",7.8958,1,"0","3"
"3",0,0,"0","male",33,7.8958,"S",7.8958,1,"0","3"
"3",0,0,"1","female",26,7.925,"S",7.925,1,"0","3"
"3",0,0,"1","female",27,7.925,"S",7.925,1,"0","3"
"3",0,0,"1","female",63,9.5875,"S",9.5875,1,"0","5"
"3",0,0,"0","male",61,6.2375,"S",6.2375,1,"0","5"
"3",0,0,"1","female",22,7.75,"S",7.75,1,"0","3"
"3",0,0,"0","male",35,8.05,"S",8.05,1,"0","3"
"3",0,0,"1","female",5,12.475,"S",6.2375,1,"1","1"
"3",0,0,"1","female",30,12.475,"S",6.2375,1,"0","3"
"3",0,0,"0","male",47,9,"S",9,1,"0","4"
"3",0,0,"0","male",22,9,"S",9,1,"0","3"
"3",0,0,"0","male",25,7.225,"C",7.225,1,"0","3"
"3",0,0,"0","male",21,7.75,"Q",7.75,1,"0","3"
"3",0,0,"0","female",40,7.55,"S",7.55,1,"0","4"
"3",0,0,"1","male",39,8.1125,"S",8.1125,1,"0","3"
"3",0,0,"0","male",19,6.75,"Q",6.75,1,"0","3"
"3",0,0,"1","male",30,9.5,"S",9.5,1,"0","3"
"3",0,0,"0","male",34.5,6.4375,"C",6.4375,1,"0","3"
"3",0,0,"0","male",35,8.05,"S",8.05,1,"0","3"
"3",0,0,"0","male",22,7.7958,"S",7.7958,1,"0","3"
"3",0,0,"0","male",33,9.5,"S",9.5,1,"0","3"
"3",0,0,"0","male",21,8.05,"S",8.05,1,"0","3"
"3",0,0,"0","male",29,9.4833,"S",9.4833,1,"0","3"
"3",0,0,"0","male",21,7.25,"S",7.25,1,"0","3"
"3",0,0,"0","female",22,10.5167,"S",10.5167,1,"0","3"
"3",0,0,"0","male",23.5,7.2292,"C",7.2292,1,"0","3"
"3",0,0,"0","male",30,7.225,"C",7.225,1,"0","3"
"3",0,0,"0","male",45,6.975,"S",6.975,1,"0","4"
"3",0,0,"0","male",28.5,7.2292,"C",7.2292,1,"0","3"
"3",0,0,"0","male",33,7.775,"S",7.775,1,"0","3"
"3",0,0,"0","male",51,7.75,"S",7.75,1,"0","4"
"3",0,0,"0","male",29,7.775,"S",7.775,1,"0","3"
"3",0,0,"0","male",49,0,"S",0,1,"0","4"
"3",0,0,"0","male",19,7.775,"S",7.775,1,"0","3"
"3",0,0,"0","male",44,7.725,"Q",7.725,1,"0","4"
"3",0,0,"0","male",47,7.25,"S",7.25,1,"0","4"
"3",0,0,"0","male",16,7.775,"S",7.775,1,"0","2"
"3",0,0,"0","male",16,8.05,"S",8.05,1,"0","2"
"3",0,0,"0","male",19,7.8958,"S",7.8958,1,"0","3"
"3",0,0,"0","male",16,7.8958,"C",7.8958,1,"0","2"
"3",0,0,"0","male",44,8.05,"S",8.05,1,"0","4"
"3",0,0,"0","male",31,14.5,"S",14.5,1,"0","3"
"3",0,0,"0","male",18,7.75,"S",7.75,1,"0","3"
"3",0,0,"0","male",59,7.25,"S",7.25,1,"0","5"
"3",0,0,"0","male",34,8.05,"S",8.05,1,"0","3"
"3",0,0,"1","female",51,7.75,"Q",7.75,1,"0","4"
"3",0,0,"0","male",44,8.05,"S",8.05,1,"0","4"
"3",0,0,"0","male",32,7.75,"Q",7.75,1,"0","3"
"3",0,0,"1","female",22,7.75,"Q",7.75,1,"0","3"
"3",0,0,"0","female",21,7.75,"Q",7.75,1,"0","3"
"3",0,0,"0","male",32,7.75,"Q",7.75,1,"0","3"
"3",0,0,"0","male",27,7.8958,"S",7.8958,1,"0","3"
"3",0,0,"0","male",20,9.5,"S",9.5,1,"0","3"
"3",0,0,"0","male",35,7.05,"S",7.05,1,"0","3"
"3",0,0,"0","male",25,7.75,"Q",7.75,1,"0","3"
"3",0,0,"0","male",24,7.05,"S",7.05,1,"0","3"
"3",0,0,"0","female",18,6.75,"Q",6.75,1,"0","3"
"3",0,0,"0","male",23.5,15.5,"Q",15.5,1,"0","3"
"3",0,0,"0","male",21,9.5,"S",9.5,1,"0","3"
"3",0,0,"0","male",19,7.8958,"S",7.8958,1,"0","3"
"3",0,0,"0","male",28,22.525,"S",22.525,1,"0","3"
"3",0,0,"0","male",21,7.8958,"S",7.8958,1,"0","3"
"3",0,0,"0","male",30,7.25,"S",7.25,1,"0","3"
"3",0,0,"0","male",25,7.8958,"S",7.8958,1,"0","3"
"3",0,0,"0","male",28,7.8542,"S",7.8542,1,"0","3"
"3",0,0,"0","male",20,7.8542,"S",7.8542,1,"0","3"
"3",0,0,"0","male",45,7.55,"S",7.55,1,"0","4"
"3",0,0,"0","male",33,7.8958,"C",7.8958,1,"0","3"
"3",0,0,"0","male",32,8.3625,"S",8.3625,1,"0","3"
"3",0,0,"0","male",51,7.775,"S",7.775,1,"0","4"
"3",0,0,"0","male",31,7.775,"S",7.775,1,"0","3"
"3",0,0,"1","female",16,7.7333,"Q",7.7333,1,"0","2"
"3",0,0,"0","male",26,7.775,"S",7.775,1,"0","3"
"3",0,0,"0","male",25,7.65,"S",7.65,1,"0","3"
"3",0,0,"0","male",19,7.65,"S",7.65,1,"0","3"
"3",0,0,"0","male",39,7.925,"S",7.925,1,"0","3"
"3",0,0,"0","male",45,7.8958,"S",7.8958,1,"0","4"
"3",0,0,"1","female",0.75,7.75,"Q",7.75,1,"1","1"
"3",0,0,"0","male",6,7.8958,"C",7.8958,1,"1","1"
"3",0,0,"0","male",21,7.925,"S",7.925,1,"0","3"
"3",0,0,"0","male",30.5,6.8583,"Q",6.8583,1,"0","3"
"3",0,0,"0","male",47,24.15,"Q",8.05,1,"0","4"
"3",0,0,"1","male",44,7.925,"S",7.925,1,"0","4"
"3",0,0,"1","male",16,56.4958,"S",8.07082857142857,1,"0","2"
"3",0,0,"0","male",19,7.8958,"S",7.8958,1,"0","3"
"3",0,0,"0","female",37,9.5875,"S",9.5875,1,"0","3"
"3",0,0,"0","male",23,9.225,"S",9.225,1,"0","3"
"3",0,0,"0","male",43,8.05,"S",8.05,1,"0","4"
"3",0,0,"1","male",18,8.05,"S",8.05,1,"0","3"
"3",0,0,"0","male",25,7.05,"S",7.05,1,"0","3"
"3",0,0,"0","male",21,7.8542,"S",7.8542,1,"0","3"
"3",0,0,"1","male",21,7.7958,"S",7.7958,1,"0","3"
"3",0,0,"0","male",29,7.75,"Q",7.75,1,"0","3"
"3",0,0,"0","male",18,7.7958,"S",7.7958,1,"0","3"
"3",0,0,"0","male",74,7.775,"S",7.775,1,"0","5"
"3",0,0,"1","male",29,7.75,"Q",7.75,1,"0","3"
"3",0,0,"0","male",22,7.25,"S",7.25,1,"0","3"
"3",0,0,"0","female",26,8.05,"S",8.05,1,"0","3"
"3",0,0,"0","male",28,8.05,"S",8.05,1,"0","3"
"3",0,0,"1","female",14,7.7333,"Q",7.7333,1,"0","2"
"3",0,0,"0","male",24,7.8958,"S",7.8958,1,"0","3"
"3",0,0,"0","male",22,7.5208,"S",7.5208,1,"0","3"
"3",0,0,"1","male",39,7.925,"S",7.925,1,"0","3"
"3",0,0,"0","male",36,0,"S",0,1,"0","3"
"3",0,0,"0","male",36,8.05,"S",8.05,1,"0","3"
"3",0,0,"0","male",33,8.6625,"C",8.6625,1,"0","3"
"3",0,0,"1","male",29,7.8958,"C",7.8958,1,"0","3"
"3",0,0,"0","male",20,7.05,"S",7.05,1,"0","3"
"3",0,0,"0","male",24,7.7958,"S",7.7958,1,"0","3"
"3",0,0,"1","male",45,8.05,"S",8.05,1,"0","4"
"3",0,0,"0","male",21,8.4333,"S",8.4333,1,"0","3"
"3",0,0,"1","female",20,7.75,"Q",7.75,1,"0","3"
"3",0,0,"0","male",28.5,8.05,"S",8.05,1,"0","3"
"3",0,0,"1","male",32,7.925,"S",7.925,1,"0","3"
"3",0,0,"0","male",18,14.5,"S",7.25,1,"0","3"
"3",0,0,"0","male",25,7.25,"S",7.25,1,"0","3"
"3",0,0,"0","male",50,8.05,"S",8.05,1,"0","4"
"3",0,0,"0","male",32,7.925,"S",7.925,1,"0","3"
"3",0,0,"0","male",23,7.8958,"S",7.8958,1,"0","3"
"3",0,0,"0","male",21,16.1,"S",8.05,1,"0","3"
"3",0,0,"0","female",22,9.8375,"S",9.8375,1,"0","3"
"3",0,0,"0","male",40.5,7.75,"Q",7.75,1,"0","4"
"3",0,0,"1","male",16,8.05,"S",8.05,1,"0","2"
"3",0,0,"0","male",30.5,8.05,"S",8.05,1,"0","3"
"3",0,0,"0","female",23,7.925,"S",7.925,1,"0","3"
"3",0,0,"0","male",22,7.25,"S",7.25,1,"0","3"
"3",0,0,"1","female",23,7.55,"S",7.55,1,"0","3"
"3",0,0,"0","male",34,8.05,"S",8.05,1,"0","3"
"3",0,0,"0","male",19,8.1583,"S",8.1583,1,"0","3"
"3",0,0,"0","male",22,8.05,"S",8.05,1,"0","3"
"3",0,0,"0","male",47,7.25,"S",7.25,1,"0","4"
"3",0,0,"0","male",26,15.1,"S",15.1,1,"0","3"
"3",0,0,"1","female",16,7.75,"Q",7.75,1,"0","2"
"3",0,0,"0","male",31,7.05,"S",7.05,1,"0","3"
"3",0,0,"0","male",21,8.05,"S",8.05,1,"0","3"
"3",0,0,"0","male",38,7.05,"S",7.05,1,"0","3"
"3",0,0,"0","male",30,8.05,"S",8.05,1,"0","3"
"3",0,0,"0","male",48,7.8542,"S",7.8542,1,"0","4"
"3",0,0,"0","male",42,7.55,"S",7.55,1,"0","4"
"3",0,0,"0","male",21,8.05,"S",8.05,1,"0","3"
"3",0,0,"0","male",16,9.2167,"S",4.60835,1,"0","2"
"3",0,0,"0","male",27,8.05,"S",8.05,1,"0","3"
"3",0,0,"0","male",24,7.4958,"S",7.4958,1,"0","3"
"3",0,0,"0","male",39,24.15,"S",12.075,1,"0","3"
"3",0,0,"0","male",32,7.925,"S",7.925,1,"0","3"
"3",0,0,"0","male",28.5,16.1,"S",8.05,1,"0","3"
"3",0,0,"0","male",42,7.65,"S",7.65,1,"0","4"
"3",0,0,"0","male",20,7.925,"S",7.925,1,"0","3"
"3",0,0,"0","female",15,7.75,"Q",7.75,1,"0","2"
"3",0,0,"0","male",19,14.5,"S",7.25,1,"0","3"
"3",0,0,"0","male",20.5,7.25,"S",7.25,1,"0","3"
"3",0,0,"0","male",29,8.05,"S",8.05,1,"0","3"
"3",0,0,"0","male",70.5,7.75,"Q",7.75,1,"0","5"
"3",0,0,"1","female",32,7.75,"Q",7.75,1,"0","3"
"3",0,0,"0","male",21,7.8958,"S",7.8958,1,"0","3"
"3",0,0,"0","male",20,9.8458,"S",4.9229,1,"0","3"
"3",0,0,"0","male",36,7.4958,"S",7.4958,1,"0","3"
"3",0,0,"0","male",35,8.05,"S",8.05,1,"0","3"
"3",0,0,"0","male",55.5,8.05,"S",8.05,1,"0","5"
"3",0,0,"0","male",30,8.05,"S",8.05,1,"0","3"
"3",0,0,"0","male",41,7.125,"S",7.125,1,"0","4"
"3",0,1,"0","male",44,16.1,"S",16.1,2,"0","4"
"3",0,1,"1","male",0.42,8.5167,"C",8.5167,2,"1","1"
"3",0,1,"0","female",45,14.4542,"C",7.2271,2,"0","4"
"3",0,1,"0","female",2,10.4625,"S",5.23125,2,"1","1"
"3",0,1,"1","female",27,12.475,"S",6.2375,2,"0","3"
"3",0,1,"1","female",4,13.4167,"C",13.4167,2,"1","1"
"3",0,1,"1","female",18,9.35,"S",9.35,2,"0","3"
"3",0,1,"1","male",6,12.475,"S",6.2375,2,"1","1"
"3",0,1,"0","male",42,8.4042,"S",8.4042,2,"0","4"
"3",0,1,"1","female",2,12.2875,"S",12.2875,2,"1","1"
"3",0,1,"0","female",18,14.4542,"C",7.2271,2,"0","3"
"3",0,2,"0","female",41,20.2125,"S",10.10625,3,"0","4"
"3",0,2,"0","female",10,24.15,"S",8.05,3,"0","1"
"3",0,2,"1","female",27,11.1333,"S",3.7111,3,"0","3"
"3",0,2,"1","female",4,22.025,"S",22.025,3,"1","1"
"3",0,2,"1","female",24,16.7,"S",8.35,3,"0","3"
"3",0,2,"0","male",40.5,14.5,"S",14.5,3,"0","4"
"3",0,2,"0","female",21,15.2458,"C",7.6229,3,"0","3"
"3",0,2,"1","male",9,20.525,"S",6.84166666666667,3,"0","1"
"3",0,2,"0","female",18,7.75,"Q",7.75,3,"0","3"
"3",0,2,"1","female",29,15.2458,"C",15.2458,3,"0","3"
"3",0,2,"1","female",21,22.3583,"C",11.17915,3,"0","3"
"3",0,2,"1","female",1,15.7417,"C",7.87085,3,"1","1"
"3",0,3,"1","female",24,19.2583,"C",4.814575,4,"0","3"
"3",0,4,"0","female",29,21.075,"S",5.26875,5,"0","3"
"3",0,5,"0","female",41,39.6875,"S",6.61458333333333,6,"0","4"
"3",0,5,"0","female",39,29.125,"Q",5.825,6,"0","3"
"3",1,0,"1","female",19,7.8542,"S",7.8542,2,"0","3"
"3",1,0,"1","female",27,24.15,"Q",8.05,2,"0","3"
"3",1,0,"1","male",12,11.2417,"C",5.62085,2,"0","1"
"3",1,0,"1","female",24,15.85,"S",7.925,2,"0","3"
"3",1,0,"0","male",22,7.25,"S",7.25,2,"0","3"
"3",1,0,"0","male",21,19.9667,"S",19.9667,2,"0","3"
"3",1,0,"0","male",28,15.85,"S",7.925,2,"0","3"
"3",1,0,"0","female",14.5,14.4542,"C",7.2271,2,"0","2"
"3",1,0,"0","male",26,14.4542,"C",14.4542,2,"0","3"
"3",1,0,"1","female",32,15.5,"Q",7.75,2,"0","3"
"3",1,0,"1","female",36,17.4,"S",17.4,2,"0","3"
"3",1,0,"0","male",30,16.1,"S",8.05,2,"0","3"
"3",1,0,"0","male",44,24.15,"Q",8.05,2,"0","4"
"3",1,0,"0","male",18,6.4958,"S",6.4958,2,"0","3"
"3",1,0,"0","male",25,17.8,"S",8.9,2,"0","3"
"3",1,0,"0","female",18,17.8,"S",8.9,2,"0","3"
"3",1,0,"1","female",14,11.2417,"C",5.62085,2,"0","2"
"3",1,0,"1","male",25,7.775,"S",7.775,2,"0","3"
"3",1,0,"0","male",32,15.85,"S",7.925,2,"0","3"
"3",1,0,"1","female",35,16.1,"S",16.1,2,"0","3"
"3",1,0,"0","male",29,7.0458,"S",7.0458,2,"0","3"
"3",1,0,"0","female",47,14.5,"S",14.5,2,"0","4"
"3",1,0,"0","male",61,15.5,"Q",7.75,2,"0","5"
"3",1,0,"0","female",45,14.4542,"C",7.2271,2,"0","4"
"3",1,0,"0","female",25,7.925,"S",7.925,2,"0","3"
"3",1,0,"0","female",21,9.825,"S",9.825,2,"0","3"
"3",1,0,"0","female",23,14.4583,"C",14.4583,2,"0","3"
"3",1,0,"0","male",27,14.4542,"C",7.2271,2,"0","3"
"3",1,0,"1","female",31,15.5,"Q",7.75,2,"0","3"
"3",1,0,"0","female",26,16.1,"S",8.05,2,"0","3"
"3",1,0,"0","male",24,16.1,"S",16.1,2,"0","3"
"3",1,0,"0","male",25,7.775,"S",7.775,2,"0","3"
"3",1,0,"0","male",50,7.75,"Q",7.75,2,"0","4"
"3",1,0,"0","female",31,18,"S",18,2,"0","3"
"3",1,0,"0","male",26,19.9667,"S",19.9667,2,"0","3"
"3",1,0,"0","male",26,7.8542,"S",7.8542,2,"0","3"
"3",1,0,"1","female",30,16.1,"S",8.05,2,"0","3"
"3",1,0,"1","female",15,14.4542,"C",7.2271,2,"0","2"
"3",1,0,"0","male",27,15.5,"Q",15.5,2,"0","3"
"3",1,0,"0","male",71,16.1,"S",8.05,2,"0","5"
"3",1,0,"0","female",20,9.825,"S",9.825,2,"0","3"
"3",1,0,"1","male",20,7.925,"S",7.925,2,"0","3"
"3",1,0,"0","female",40,9.475,"S",9.475,2,"0","4"
"3",1,0,"1","female",32,15.5,"Q",7.75,2,"0","3"
"3",1,0,"0","male",36,15.55,"S",15.55,2,"0","3"
"3",1,0,"0","male",17,7.0542,"S",7.0542,2,"0","2"
"3",1,1,"0","male",15,7.2292,"C",7.2292,3,"0","2"
"3",1,1,"0","male",33,20.525,"S",6.84166666666667,3,"0","3"
"3",1,1,"1","female",4,16.7,"S",8.35,3,"1","1"
"3",1,1,"1","male",4,11.1333,"S",3.7111,3,"1","1"
"3",1,1,"0","female",28,14.4,"S",7.2,3,"0","3"
"3",1,1,"0","male",16,20.25,"S",10.125,3,"0","2"
"3",1,1,"0","male",18,20.2125,"S",10.10625,3,"0","3"
"3",1,1,"0","male",34,14.4,"S",7.2,3,"0","3"
"3",1,1,"0","male",18,7.8542,"S",7.8542,3,"0","3"
"3",1,1,"1","female",35,20.25,"S",10.125,3,"0","3"
"3",1,1,"1","male",20,15.7417,"C",7.87085,3,"0","3"
"3",1,1,"1","female",1,11.1333,"S",3.7111,3,"1","1"
"3",1,1,"0","female",30,24.15,"S",8.05,3,"0","3"
"3",1,1,"1","female",20,22.3583,"C",11.17915,3,"0","3"
"3",1,1,"0","male",36,24.15,"S",8.05,3,"0","3"
"3",1,1,"0","female",9,15.2458,"C",7.6229,3,"0","1"
"3",1,1,"1","male",9,15.9,"S",7.95,3,"0","1"
"3",1,1,"1","female",31,20.525,"S",6.84166666666667,3,"0","3"
"3",1,1,"0","male",40,15.5,"Q",7.75,3,"0","4"
"3",1,1,"0","female",32,15.5,"Q",7.75,3,"0","3"
"3",1,1,"0","female",29,10.4625,"S",5.23125,3,"0","3"
"3",1,1,"1","male",3,15.9,"S",7.95,3,"1","1"
"3",1,1,"1","male",29,15.2458,"C",7.6229,3,"0","3"
"3",1,1,"1","male",20,15.2458,"C",7.6229,3,"0","3"
"3",1,1,"0","male",17,7.2292,"C",7.2292,3,"0","2"
"3",1,2,"0","female",5,23.45,"S",11.725,4,"1","1"
"3",1,2,"1","male",1,20.575,"S",10.2875,4,"1","1"
"3",1,2,"0","male",26,23.45,"S",11.725,4,"0","3"
"3",1,2,"0","male",26,20.575,"S",10.2875,4,"0","3"
"3",1,3,"0","female",48,34.375,"S",8.59375,5,"0","4"
"3",1,3,"0","male",16,34.375,"S",8.59375,5,"0","2"
"3",1,4,"0","female",45,27.9,"S",4.65,6,"0","4"
"3",1,4,"0","male",40,27.9,"S",4.65,6,"0","4"
"3",1,5,"0","female",39,31.275,"S",4.46785714285714,7,"0","3"
"3",1,5,"0","male",39,31.275,"S",4.46785714285714,7,"0","3"
"3",1,5,"1","female",38,31.3875,"S",7.846875,7,"0","3"
"3",1,6,"0","female",43,46.9,"S",7.81666666666667,8,"0","4"
"3",2,0,"0","female",18,18,"S",9,3,"0","3"
"3",2,0,"0","male",58,21.6792,"C",21.6792,3,"0","5"
"3",2,0,"0","male",28,7.925,"S",7.925,3,"0","3"
"3",2,0,"1","male",32,23.25,"Q",11.625,3,"0","3"
"3",2,0,"0","male",16,18,"S",9,3,"0","2"
"3",2,0,"0","male",41,14.1083,"S",14.1083,3,"0","4"
"3",2,0,"0","male",24,24.15,"S",12.075,3,"0","3"
"3",2,0,"0","male",37,7.925,"S",7.925,3,"0","3"
"3",2,0,"1","female",34,23.25,"Q",11.625,3,"0","3"
"3",2,0,"0","male",26,8.6625,"S",8.6625,3,"0","3"
"3",2,1,"1","female",5,19.2583,"C",4.814575,4,"1","1"
"3",2,1,"1","female",0.75,19.2583,"C",4.814575,4,"1","1"
"3",2,1,"1","female",0.75,19.2583,"C",4.814575,4,"1","1"
"3",2,2,"0","female",21,34.375,"S",8.59375,5,"0","3"
"3",2,2,"0","female",9,34.375,"S",8.59375,5,"0","1"
"3",3,0,"1","female",33,15.85,"S",7.925,4,"0","3"
"3",3,1,"0","female",18,25.4667,"S",6.366675,5,"0","3"
"3",3,1,"0","male",2,21.075,"S",5.26875,5,"1","1"
"3",3,1,"0","female",47,25.4667,"S",6.366675,5,"0","4"
"3",3,1,"0","male",16,25.4667,"S",6.366675,5,"0","2"
"3",3,1,"0","female",24,25.4667,"S",6.366675,5,"0","3"
"3",3,1,"0","female",8,21.075,"S",5.26875,5,"1","1"
"3",3,1,"0","female",3,21.075,"S",5.26875,5,"1","1"
"3",3,2,"0","female",9,27.9,"S",4.65,6,"0","1"
"3",3,2,"0","female",2,27.9,"S",4.65,6,"1","1"
"3",3,2,"0","male",10,27.9,"S",4.65,6,"0","1"
"3",3,2,"0","male",4,27.9,"S",4.65,6,"1","1"
"3",4,1,"0","male",4,29.125,"Q",5.825,6,"1","1"
"3",4,1,"0","male",2,39.6875,"S",6.61458333333333,6,"1","1"
"3",4,1,"0","male",7,29.125,"Q",5.825,6,"1","1"
"3",4,1,"0","male",7,39.6875,"S",6.61458333333333,6,"1","1"
"3",4,1,"0","male",2,29.125,"Q",5.825,6,"1","1"
"3",4,1,"0","male",14,39.6875,"S",6.61458333333333,6,"0","2"
"3",4,1,"0","male",16,39.6875,"S",6.61458333333333,6,"0","2"
"3",4,1,"0","male",8,29.125,"Q",5.825,6,"1","1"
"3",4,1,"0","male",1,39.6875,"S",6.61458333333333,6,"1","1"
"3",4,2,"1","male",3,31.3875,"S",7.846875,7,"1","1"
"3",4,2,"1","female",5,31.3875,"S",7.846875,7,"1","1"
"3",4,2,"0","female",2,31.275,"S",4.46785714285714,7,"1","1"
"3",4,2,"1","female",17,7.925,"S",7.925,7,"0","2"
"3",4,2,"0","male",4,31.275,"S",4.46785714285714,7,"1","1"
"3",4,2,"0","female",11,31.275,"S",4.46785714285714,7,"0","1"
"3",4,2,"0","female",9,31.275,"S",4.46785714285714,7,"0","1"
"3",4,2,"0","male",9,31.3875,"S",7.846875,7,"0","1"
"3",4,2,"0","female",6,31.275,"S",4.46785714285714,7,"1","1"
"3",5,2,"0","male",9,46.9,"S",7.81666666666667,8,"0","1"
"3",5,2,"0","male",1,46.9,"S",7.81666666666667,8,"1","1"
"3",5,2,"0","male",14,46.9,"S",7.81666666666667,8,"0","2"
"3",5,2,"0","male",11,46.9,"S",7.81666666666667,8,"0","1"
"3",5,2,"0","female",16,46.9,"S",7.81666666666667,8,"0","2"
"3",8,2,"0","male",9,69.55,"S",9.93571428571429,11,"0","1"
"3",8,2,"0","female",16,69.55,"S",9.93571428571429,11,"0","2"
"3",8,2,"0","male",18,69.55,"S",9.93571428571429,11,"0","3"
"3",8,2,"0","female",16,69.55,"S",9.93571428571429,11,"0","2"
"3",8,2,"0","male",23,69.55,"S",9.93571428571429,11,"0","3"
"3",8,2,"0","male",17,69.55,"S",9.93571428571429,11,"0","2"
"3",8,2,"0","female",63,69.55,"S",9.93571428571429,11,"0","5"
